PCON21CD,PCON21NM,SAM_WPC_DEC_2020_UK_AREAEHECT,SAM_PCON_DEC_2021_UK_AREAEHECT,EOTR_Diff,Reason,SAM_WPC_DEC_2020_UK_AREACHECT,SAM_PCON_DEC_2021_UK_AREACHECT,CtoC_Diff,Reason,SAM_WPC_DEC_2020_UK_AREAIHECT,SAM_PCON_DEC_2021_UK_AREAIHECT,ILW_Diff,Reason,SAM_WPC_DEC_2020_UK_AREALHECT,SAM_PCON_DEC_2021_UK_AREALHECT,LC_Diff,Reason
E14000530,Aldershot,5297.82,5297.82,0,,5297.82,5297.82,0,,0,0,0,,5297.82,5297.82,0,
E14000531,Aldridge-Brownhills,4401.65,4401.65,0,,4401.65,4401.65,0,,0,0,0,,4401.65,4401.65,0,
E14000532,Altrincham and Sale West,5093.05,5093.05,0,,5093.05,5093.05,0,,0,0,0,,5093.05,5093.05,0,
E14000533,Amber Valley,12464.64,12464.64,0,,12464.64,12464.64,0,,0,0,0,,12464.64,12464.64,0,
E14000534,Arundel and South Downs,64651.28,64651.28,0,,64523.36,64523.36,0,,0,0,0,,64523.36,64523.36,0,
E14000535,Ashfield,10771.18,10771.18,0,,10771.18,10771.18,0,,0,0,0,,10771.18,10771.18,0,
E14000536,Ashford,50367.25,50367.25,0,,50367.25,50367.25,0,,0,0,0,,50367.25,50367.25,0,
E14000537,Ashton-under-Lyne,2779.21,2779.71,-0.5,,2779.21,2779.71,-0.5,,0,0,0,,2779.21,2779.71,-0.5,
E14000538,Aylesbury,18545.71,18545.71,0,,18545.71,18545.71,0,,0,0,0,,18545.71,18545.71,0,
E14000539,Banbury,46366.42,46366.42,0,,46366.42,46366.42,0,,0,0,0,,46366.42,46366.42,0,
E14000540,Barking,2170.22,2170.22,0,,2043.77,2043.77,0,,0,0,0,,2043.77,2043.77,0,
E14000541,Barnsley Central,4836.96,4836.96,0,,4836.96,4836.96,0,,0,0,0,,4836.96,4836.96,0,
E14000542,Barnsley East,8680.4,8680.4,0,,8680.4,8680.4,0,,0,0,0,,8680.4,8680.4,0,
E14000543,Barrow and Furness,39780.78,39780.82,-0.04,,28132.23,28132.27,-0.04,,0,0,0,,28132.23,28132.27,-0.04,
E14000544,Basildon and Billericay,6023.17,6023.17,0,,6023.17,6023.17,0,,0,0,0,,6023.17,6023.17,0,
E14000545,Basingstoke,5891.56,5891.56,0,,5891.56,5891.56,0,,0,0,0,,5891.56,5891.56,0,
E14000546,Bassetlaw,48042.41,48042.41,0,,47952.18,47952.18,0,,0,0,0,,47952.18,47952.18,0,
E14000547,Bath,2867.55,2867.55,0,,2867.55,2867.55,0,,0,0,0,,2867.55,2867.55,0,
E14000548,Batley and Spen,5506.03,5506.03,0,,5506.03,5506.03,0,,0,0,0,,5506.03,5506.03,0,
E14000549,Battersea,1096.88,1096.88,0,,1027.62,1027.62,0,,0,0,0,,1027.62,1027.62,0,
E14000550,Beaconsfield,17625.53,17625.53,0,,17625.53,17625.53,0,,0,0,0,,17625.53,17625.53,0,
E14000551,Beckenham,3448.42,3448.42,0,,3448.42,3448.42,0,,0,0,0,,3448.42,3448.42,0,
E14000552,Bedford,3393.92,3393.92,0,,3393.92,3393.92,0,,0,0,0,,3393.92,3393.92,0,
E14000553,Bermondsey and Old Southwark,1147.82,1147.82,0,,1043.28,1043.28,0,,0,0,0,,1043.28,1043.28,0,
E14000554,Berwick-upon-Tweed,242750.97,242752.13,-1.16,,238551.12,238553.08,-1.96,,0,0,0,,238551.12,238553.08,-1.96,
E14000555,Bethnal Green and Bow,916.85,916.85,0,,916.85,916.85,0,,0,0,0,,916.85,916.85,0,
E14000556,Beverley and Holderness,83031.05,83031.32,-0.27,,77455.52,77455.8,-0.28,,116,116.96,-0.96,,77338.56,77338.84,-0.28,
E14000557,Bexhill and Battle,53065.32,53065.32,0,,52902.61,52902.61,0,,231,231.26,-0.26,,52671.35,52671.35,0,
E14000558,Bexleyheath and Crayford,2284.95,2285.07,-0.12,,2162.52,2162.65,-0.13,,0,0,0,,2162.52,2162.65,-0.13,
E14000559,Birkenhead,2800.31,2800.31,0,,2512.11,2512.11,0,,0,0,0,,2512.11,2512.11,0,
E14000560,"Birmingham, Edgbaston",2831.72,2831.72,0,,2831.72,2831.72,0,,0,0,0,,2831.72,2831.72,0,
E14000561,"Birmingham, Erdington",2204.96,2204.96,0,,2204.96,2204.96,0,,0,0,0,,2204.96,2204.96,0,
E14000562,"Birmingham, Hall Green",1972.49,1972.49,0,,1972.49,1972.49,0,,0,0,0,,1972.49,1972.49,0,
E14000563,"Birmingham, Hodge Hill",2051.38,2051.38,0,,2051.38,2051.38,0,,0,0,0,,2051.38,2051.38,0,
E14000564,"Birmingham, Ladywood",2574.5,2574.5,0,,2574.5,2574.5,0,,0,0,0,,2574.5,2574.5,0,
E14000565,"Birmingham, Northfield",2445.64,2445.64,0,,2445.64,2445.64,0,,0,0,0,,2445.64,2445.64,0,
E14000566,"Birmingham, Perry Barr",2485.74,2485.74,0,,2485.74,2485.74,0,,0,0,0,,2485.74,2485.74,0,
E14000567,"Birmingham, Selly Oak",2187.59,2187.59,0,,2187.59,2187.59,0,,0,0,0,,2187.59,2187.59,0,
E14000568,"Birmingham, Yardley",2261.43,2261.43,0,,2261.43,2261.43,0,,0,0,0,,2261.43,2261.43,0,
E14000569,Bishop Auckland,92267.05,92267.04,0.01,,92267.05,92267.04,0.01,,389,389.83,-0.83,,91877.22,91877.21,0.01,
E14000570,Blackburn,4034.42,4034.42,0,,4034.42,4034.42,0,,0,0,0,,4034.42,4034.42,0,
E14000571,Blackley and Broughton,2816.02,2816.02,0,,2816.02,2816.02,0,,0,0,0,,2816.02,2816.02,0,
E14000572,Blackpool North and Cleveleys,2809.4,2815.33,-5.93,,2298.51,2298.51,0,,0,0,0,,2298.51,2298.51,0,
E14000573,Blackpool South,2494.22,2494.22,0,,2022.3,2022.3,0,,0,0,0,,2022.3,2022.3,0,
E14000574,Blaydon,11092.38,11089.8,2.58,,11032.2,11030.18,2.02,,0,0,0,,11032.2,11030.18,2.02,
E14000575,Blyth Valley,7185.83,7187.35,-1.52,,7039.21,7040.52,-1.31,,0,0,0,,7039.21,7040.52,-1.31,
E14000576,Bognor Regis and Littlehampton,6385.28,6385.28,0,,6129.49,6129.49,0,,0,0,0,,6129.49,6129.49,0,
E14000577,Bolsover,22640.55,22640.55,0,,22640.55,22640.55,0,,0,0,0,,22640.55,22640.55,0,
E14000578,Bolton North East,3594.33,3594.33,0,,3594.33,3594.33,0,,0,0,0,,3594.33,3594.33,0,
E14000579,Bolton South East,3682.42,3682.42,0,,3682.42,3682.42,0,,0,0,0,,3682.42,3682.42,0,
E14000580,Bolton West,7176.37,7176.37,0,,7176.37,7176.37,0,,0,0,0,,7176.37,7176.37,0,
E14000581,Bootle,2812.76,2787.32,25.44,Change in Foreshore,2584.36,2584.37,-0.01,,0,0,0,,2584.36,2584.37,-0.01,
E14000582,Boston and Skegness,78156.88,78156.88,0,,70717.83,70717.83,0,,0,0,0,,70717.83,70717.83,0,
E14000583,Bosworth,28904.09,28904.09,0,,28904.09,28904.09,0,,0,0,0,,28904.09,28904.09,0,
E14000584,Bournemouth East,2627.4,2627.4,0,,2553.05,2553.05,0,,0,0,0,,2553.05,2553.05,0,
E14000585,Bournemouth West,2727.09,2727.09,0,,2717.82,2717.82,0,,0,0,0,,2717.82,2717.82,0,
E14000586,Bracknell,7394.67,7394.67,0,,7394.67,7394.67,0,,0,0,0,,7394.67,7394.67,0,
E14000587,Bradford East,2845.44,2845.44,0,,2845.44,2845.44,0,,0,0,0,,2845.44,2845.44,0,
E14000588,Bradford South,4326.11,4326.11,0,,4326.11,4326.11,0,,0,0,0,,4326.11,4326.11,0,
E14000589,Bradford West,3524.45,3524.45,0,,3524.45,3524.45,0,,0,0,0,,3524.45,3524.45,0,
E14000590,Braintree,46756.51,46756.51,0,,46756.51,46756.51,0,,0,0,0,,46756.51,46756.51,0,
E14000591,Brent Central,1829.14,1829.14,0,,1829.14,1829.14,0,,0,0,0,,1829.14,1829.14,0,
E14000592,Brent North,2078.82,2078.82,0,,2078.82,2078.82,0,,0,0,0,,2078.82,2078.82,0,
E14000593,Brentford and Isleworth,2676.57,2676.57,0,,2613.87,2613.87,0,,0,0,0,,2613.87,2613.87,0,
E14000594,Brentwood and Ongar,31670.9,31670.9,0,,31670.9,31670.9,0,,0,0,0,,31670.9,31670.9,0,
E14000595,Bridgwater and West Somerset,112565.67,112564.5,1.17,,108161.7,108160.53,1.17,,148,148.97,-0.97,,108012.73,108011.56,1.17,
E14000596,Brigg and Goole,66568.85,66568.96,-0.11,,63730.81,63731.92,-1.11,,0,0,0,,63730.81,63731.92,-1.11,
E14000597,"Brighton, Kemptown",4266.63,4266.63,0,,3976,3976,0,,0,0,0,,3976,3976,0,
E14000598,"Brighton, Pavilion",2909.2,2909.2,0,,2903.79,2903.79,0,,0,0,0,,2903.79,2903.79,0,
E14000599,Bristol East,2374.59,2374.59,0,,2370.88,2370.88,0,,0,0,0,,2370.88,2370.88,0,
E14000600,Bristol North West,16955.78,16955.78,0,,4414.25,4414.25,0,,0,0,0,,4414.25,4414.25,0,
E14000601,Bristol South,2469.26,2469.26,0,,2457.64,2457.64,0,,0,0,0,,2457.64,2457.64,0,
E14000602,Bristol West,1744.54,1744.54,0,,1723.92,1723.92,0,,0,0,0,,1723.92,1723.92,0,
E14000603,Broadland,76502.81,76502.81,0,,76395.3,76395.3,0,,0,0,0,,76395.3,76395.3,0,
E14000604,Bromley and Chislehurst,2940.43,2940.43,0,,2940.43,2940.43,0,,0,0,0,,2940.43,2940.43,0,
E14000605,Bromsgrove,21696.85,21696.85,0,,21696.85,21696.85,0,,0,0,0,,21696.85,21696.85,0,
E14000606,Broxbourne,6687.06,6687.06,0,,6687.06,6687.06,0,,0,0,0,,6687.06,6687.06,0,
E14000607,Broxtowe,6579.06,6579.06,0,,6579.06,6579.06,0,,0,0,0,,6579.06,6579.06,0,
E14000608,Buckingham,86694.59,86695.46,-0.87,,86694.59,86695.46,-0.87,,0,0,0,,86694.59,86695.46,-0.87,
E14000609,Burnley,11068.4,11068.4,0,,11068.4,11068.4,0,,0,0,0,,11068.4,11068.4,0,
E14000610,Burton,24337.64,24337.64,0,,24337.64,24337.64,0,,0,0,0,,24337.64,24337.64,0,
E14000611,Bury North,5101.31,5101.42,-0.11,,5101.31,5101.42,-0.11,,0,0,0,,5101.31,5101.42,-0.11,
E14000612,Bury South,4844.7,4844.59,0.11,,4844.7,4844.59,0.11,,0,0,0,,4844.7,4844.59,0.11,
E14000613,Bury St Edmunds,50205.85,50205.85,0,,50205.85,50205.85,0,,0,0,0,,50205.85,50205.85,0,
E14000614,Calder Valley,30626.27,30626.27,0,,30626.27,30626.27,0,,0,0,0,,30626.27,30626.27,0,
E14000615,Camberwell and Peckham,1140.49,1140.49,0,,1140.49,1140.49,0,,0,0,0,,1140.49,1140.49,0,
E14000616,Camborne and Redruth,28361.02,28361.23,-0.21,,27927.43,27927.26,0.17,,0,0,0,,27927.43,27927.26,0.17,
E14000617,Cambridge,3618.16,3618.28,-0.12,,3618.16,3618.28,-0.12,,0,0,0,,3618.16,3618.28,-0.12,
E14000618,Cannock Chase,7888.26,7888.26,0,,7888.26,7888.26,0,,0,0,0,,7888.26,7888.26,0,
E14000619,Canterbury,25703.09,25705.73,-2.64,,24869.59,24869.59,0,,0,0,0,,24869.59,24869.59,0,
E14000620,Carlisle,21216.4,21227.71,-11.31,,21057.9,21056.57,1.33,,0,0,0,,21057.9,21056.57,1.33,
E14000621,Carshalton and Wallington,2549.79,2549.64,0.15,,2549.79,2549.64,0.15,,0,0,0,,2549.79,2549.64,0.15,
E14000622,Castle Point,6374.32,6362.21,12.11,Change in Foreshore,4467.35,4467.35,0,,0,0,0,,4467.35,4467.35,0,
E14000623,Central Devon,141471.56,141472.35,-0.79,,141344.62,141344.45,0.17,,0,0,0,,141344.62,141344.45,0.17,
E14000624,Central Suffolk and North Ipswich,79622.66,79622.66,0,,79622.66,79622.66,0,,0,0,0,,79622.66,79622.66,0,
E14000625,Charnwood,17152.57,17152.57,0,,17152.57,17152.57,0,,0,0,0,,17152.57,17152.57,0,
E14000626,Chatham and Aylesford,6231.66,6231.66,0,,6145.75,6145.75,0,,0,0,0,,6145.75,6145.75,0,
E14000627,Cheadle,3937.21,3937.21,0,,3937.21,3937.21,0,,0,0,0,,3937.21,3937.21,0,
E14000628,Chelmsford,4239.17,4239.17,0,,4239.17,4239.17,0,,0,0,0,,4239.17,4239.17,0,
E14000629,Chelsea and Fulham,912.42,912.42,0,,828.48,828.48,0,,0,0,0,,828.48,828.48,0,
E14000630,Cheltenham,3724.53,3724.53,0,,3724.53,3724.53,0,,0,0,0,,3724.53,3724.53,0,
E14000631,Chesham and Amersham,19634.82,19634.82,0,,19634.82,19634.82,0,,0,0,0,,19634.82,19634.82,0,
E14000632,Chesterfield,4735.68,4735.68,0,,4735.68,4735.68,0,,0,0,0,,4735.68,4735.68,0,
E14000633,Chichester,64732.26,64732.26,0,,62120.35,62120.35,0,,0,0,0,,62120.35,62120.35,0,
E14000634,Chingford and Woodford Green,1904.92,1904.92,0,,1904.92,1904.92,0,,0,0,0,,1904.92,1904.92,0,
E14000635,Chippenham,16762.25,16762.25,0,,16762.25,16762.25,0,,0,0,0,,16762.25,16762.25,0,
E14000636,Chipping Barnet,3460.76,3460.76,0,,3460.76,3460.76,0,,0,0,0,,3460.76,3460.76,0,
E14000637,Chorley,15520.39,15520.39,0,,15520.39,15520.39,0,,0,0,0,,15520.39,15520.39,0,
E14000638,Christchurch,10998.81,10998.81,0,,10872.1,10872.1,0,,0,0,0,,10872.1,10872.1,0,
E14000639,Cities of London and Westminster,1719.52,1719.52,0,,1638.28,1638.28,0,,0,0,0,,1638.28,1638.28,0,
E14000640,City of Chester,13377.38,13377.38,0,,13350.94,13350.94,0,,0,0,0,,13350.94,13350.94,0,
E14000641,City of Durham,18668.32,18668.01,0.31,,18668.32,18668.01,0.31,,0,0,0,,18668.32,18668.01,0.31,
E14000642,Clacton,14508.97,14508.97,0,,13120.45,13120.45,0,,0,0,0,,13120.45,13120.45,0,
E14000643,Cleethorpes,34704.75,34704.75,0,,33122.63,33122.63,0,,0,0,0,,33122.63,33122.63,0,
E14000644,Colchester,4574.22,4574.22,0,,4561.18,4561.18,0,,0,0,0,,4561.18,4561.18,0,
E14000645,Colne Valley,18037.17,18037.17,0,,18037.17,18037.17,0,,0,0,0,,18037.17,18037.17,0,
E14000646,Congleton,21100.52,21100.52,0,,21100.52,21100.52,0,,0,0,0,,21100.52,21100.52,0,
E14000647,Copeland,122243.12,122242.96,0.16,,118452.26,118452.1,0.16,,1941,1941.19,-0.19,,116511.07,116510.91,0.16,
E14000648,Corby,55395.12,55395.12,0,,55395.12,55395.12,0,,0,0,0,,55395.12,55395.12,0,
E14000649,Coventry North East,2723.23,2723.23,0,,2723.23,2723.23,0,,0,0,0,,2723.23,2723.23,0,
E14000650,Coventry North West,3852.42,3852.42,0,,3852.42,3852.42,0,,0,0,0,,3852.42,3852.42,0,
E14000651,Coventry South,3288.25,3288.25,0,,3288.25,3288.25,0,,0,0,0,,3288.25,3288.25,0,
E14000652,Crawley,4497.12,4497.12,0,,4497.12,4497.12,0,,0,0,0,,4497.12,4497.12,0,
E14000653,Crewe and Nantwich,13619.07,13619.07,0,,13619.07,13619.07,0,,0,0,0,,13619.07,13619.07,0,
E14000654,Croydon Central,2563.75,2563.75,0,,2563.75,2563.75,0,,0,0,0,,2563.75,2563.75,0,
E14000655,Croydon North,1756.71,1756.71,0,,1756.71,1756.71,0,,0,0,0,,1756.71,1756.71,0,
E14000656,Croydon South,4328.41,4328.41,0,,4328.41,4328.41,0,,0,0,0,,4328.41,4328.41,0,
E14000657,Dagenham and Rainham,4349.64,4349.64,0,,4096.71,4096.71,0,,0,0,0,,4096.71,4096.71,0,
E14000658,Darlington,3003.96,3003.96,0,,3003.96,3003.96,0,,0,0,0,,3003.96,3003.96,0,
E14000659,Dartford,8945.7,8945.7,0,,8587.22,8587.22,0,,0,0,0,,8587.22,8587.22,0,
E14000660,Daventry,74841.74,74841.74,0,,74841.74,74841.74,0,,298,298.49,-0.49,,74543.25,74543.25,0,
E14000661,Denton and Reddish,2568.53,2567.59,0.94,,2568.53,2567.59,0.94,,0,0,0,,2568.53,2567.59,0.94,
E14000662,Derby North,2950.83,2950.83,0,,2950.83,2950.83,0,,0,0,0,,2950.83,2950.83,0,
E14000663,Derby South,3122.07,3122.07,0,,3122.07,3122.07,0,,0,0,0,,3122.07,3122.07,0,
E14000664,Derbyshire Dales,91085.86,91085.86,0,,91085.86,91085.86,0,,289,289.37,-0.37,,90796.49,90796.49,0,
E14000665,Devizes,102342.24,102342.24,0,,102342.24,102342.24,0,,0,0,0,,102342.24,102342.24,0,
E14000666,Dewsbury,12607.06,12607.06,0,,12607.06,12607.06,0,,0,0,0,,12607.06,12607.06,0,
E14000667,Don Valley,25086.27,25086.21,0.06,,25086.27,25086.21,0.06,,0,0,0,,25086.27,25086.21,0.06,
E14000668,Doncaster Central,6069.81,6069.81,0,,6056.79,6056.79,0,,0,0,0,,6056.79,6056.79,0,
E14000669,Doncaster North,25699.05,25697.52,1.53,,25659.17,25657.64,1.53,,0,0,0,,25659.17,25657.64,1.53,
E14000670,Dover,21575.4,21575.4,0,,21417.58,21417.58,0,,0,0,0,,21417.58,21417.58,0,
E14000671,Dudley North,2307.38,2307.38,0,,2307.38,2307.38,0,,0,0,0,,2307.38,2307.38,0,
E14000672,Dudley South,2537.63,2537.63,0,,2537.63,2537.63,0,,0,0,0,,2537.63,2537.63,0,
E14000673,Dulwich and West Norwood,1482.6,1482.6,0,,1482.6,1482.6,0,,0,0,0,,1482.6,1482.6,0,
E14000674,Ealing Central and Acton,1792.96,1792.96,0,,1792.96,1792.96,0,,0,0,0,,1792.96,1792.96,0,
E14000675,Ealing North,2326.63,2326.63,0,,2326.63,2326.63,0,,0,0,0,,2326.63,2326.63,0,
E14000676,"Ealing, Southall",1434.62,1434.62,0,,1434.62,1434.62,0,,0,0,0,,1434.62,1434.62,0,
E14000677,Easington,11864.49,11865.3,-0.81,,11756.96,11757.77,-0.81,,0,0,0,,11756.96,11757.77,-0.81,
E14000678,East Devon,34087.35,34085.47,1.88,,33315.83,33315.62,0.21,,0,0,0,,33315.83,33315.62,0.21,
E14000679,East Ham,2099.36,2099.46,-0.1,,1885.3,1885.4,-0.1,,0,0,0,,1885.3,1885.4,-0.1,
E14000680,East Hampshire,46361.41,46361.64,-0.23,,46361.41,46361.64,-0.23,,0,0,0,,46361.41,46361.64,-0.23,
E14000681,East Surrey,25943.17,25943.17,0,,25943.17,25943.17,0,,0,0,0,,25943.17,25943.17,0,
E14000682,East Worthing and Shoreham,5745.75,5745.75,0,,5544.38,5544.38,0,,0,0,0,,5544.38,5544.38,0,
E14000683,East Yorkshire,105666.1,105666.39,-0.29,,105275.8,105276.1,-0.3,,0,0,0,,105275.8,105276.1,-0.3,
E14000684,Eastbourne,5612.14,5612.14,0,,5495.15,5495.15,0,,0,0,0,,5495.15,5495.15,0,
E14000685,Eastleigh,7815.11,7814.77,0.34,,7254.29,7254.18,0.11,,0,0,0,,7254.29,7254.18,0.11,
E14000686,Eddisbury,71244.99,71244.99,0,,71244.99,71244.99,0,,0,0,0,,71244.99,71244.99,0,
E14000687,Edmonton,1974.47,1974.47,0,,1974.47,1974.47,0,,136,136.93,-0.93,,1837.54,1837.54,0,
E14000688,Ellesmere Port and Neston,14087.73,14087.73,0,,12307.11,12307.11,0,,0,0,0,,12307.11,12307.11,0,
E14000689,Elmet and Rothwell,24601.24,24601.24,0,,24601.24,24601.24,0,,0,0,0,,24601.24,24601.24,0,
E14000690,Eltham,2159.71,2159.72,-0.01,,2159.71,2159.72,-0.01,,0,0,0,,2159.71,2159.72,-0.01,
E14000691,Enfield North,3727.22,3727.22,0,,3727.22,3727.22,0,,0,0,0,,3727.22,3727.22,0,
E14000692,"Enfield, Southgate",2517.34,2517.34,0,,2517.34,2517.34,0,,0,0,0,,2517.34,2517.34,0,
E14000693,Epping Forest,12624.56,12624.56,0,,12624.56,12624.56,0,,0,0,0,,12624.56,12624.56,0,
E14000694,Epsom and Ewell,5173.95,5173.95,0,,5173.95,5173.95,0,,0,0,0,,5173.95,5173.95,0,
E14000695,Erewash,6004.3,6004.3,0,,6004.3,6004.3,0,,0,0,0,,6004.3,6004.3,0,
E14000696,Erith and Thamesmead,2672.85,2672.99,-0.14,,2331.25,2331.39,-0.14,,0,0,0,,2331.25,2331.39,-0.14,
E14000697,Esher and Walton,8054.76,8054.76,0,,8054.76,8054.76,0,,128,128.2,-0.2,,7926.56,7926.56,0,
E14000698,Exeter,3809.29,3809.29,0,,3795.42,3795.42,0,,0,0,0,,3795.42,3795.42,0,
E14000699,Fareham,6653.34,6652.83,0.51,,6325.63,6324.88,0.75,,0,0,0,,6325.63,6324.88,0.75,
E14000700,Faversham and Mid Kent,39075.56,39072.56,3,,38806.31,38806.31,0,,0,0,0,,38806.31,38806.31,0,
E14000701,Feltham and Heston,2982.41,2982.41,0,,2982.41,2982.41,0,,0,0,0,,2982.41,2982.41,0,
E14000702,Filton and Bradley Stoke,9663.83,9663.83,0,,8069.99,8069.99,0,,0,0,0,,8069.99,8069.99,0,
E14000703,Finchley and Golders Green,2081.85,2081.85,0,,2081.85,2081.85,0,,0,0,0,,2081.85,2081.85,0,
E14000704,Folkestone and Hythe,44241.21,44241.21,0,,43386.58,43386.58,0,,0,0,0,,43386.58,43386.58,0,
E14000705,Forest of Dean,62028,62024.06,3.94,,58370.76,58370.76,0,,0,0,0,,58370.76,58370.76,0,
E14000706,Fylde,19102.4,19012.46,89.94,Change in Foreshore,17389.91,17389.96,-0.05,,0,0,0,,17389.91,17389.96,-0.05,
E14000707,Gainsborough,120305.84,120305.84,0,,120113.82,120113.82,0,,0,0,0,,120113.82,120113.82,0,
E14000708,Garston and Halewood,6365.63,6365.63,0,,5100.81,5100.81,0,,0,0,0,,5100.81,5100.81,0,
E14000709,Gateshead,2552.82,2552.82,0,,2460.57,2460.57,0,,0,0,0,,2460.57,2460.57,0,
E14000710,Gedling,3813.59,3813.59,0,,3813.59,3813.59,0,,0,0,0,,3813.59,3813.59,0,
E14000711,Gillingham and Rainham,4180.26,4180.26,0,,3038.64,3038.64,0,,0,0,0,,3038.64,3038.64,0,
E14000712,Gloucester,3799.34,3799.34,0,,3771.99,3771.99,0,,0,0,0,,3771.99,3771.99,0,
E14000713,Gosport,3896.4,3896.4,0,,3637.77,3637.77,0,,0,0,0,,3637.77,3637.77,0,
E14000714,Grantham and Stamford,68570.88,68570.88,0,,68570.88,68570.88,0,,0,0,0,,68570.88,68570.88,0,
E14000715,Gravesham,10495.88,10495.88,0,,9899.13,9899.13,0,,0,0,0,,9899.13,9899.13,0,
E14000716,Great Grimsby,3041.32,3041.32,0,,2813.17,2813.17,0,,0,0,0,,2813.17,2813.17,0,
E14000717,Great Yarmouth,18255.55,18255.55,0,,17431.41,17431.41,0,,0,0,0,,17431.41,17431.41,0,
E14000718,Greenwich and Woolwich,1903.73,1903.72,0.01,,1680.46,1680.45,0.01,,0,0,0,,1680.46,1680.45,0.01,
E14000719,Guildford,18864.97,18864.97,0,,18864.97,18864.97,0,,0,0,0,,18864.97,18864.97,0,
E14000720,Hackney North and Stoke Newington,906.1,906.1,0,,906.1,906.1,0,,0,0,0,,906.1,906.1,0,
E14000721,Hackney South and Shoreditch,998.29,998.29,0,,998.29,998.29,0,,0,0,0,,998.29,998.29,0,
E14000722,Halesowen and Rowley Regis,2976.2,2976.2,0,,2976.2,2976.2,0,,0,0,0,,2976.2,2976.2,0,
E14000723,Halifax,5769.83,5769.83,0,,5769.83,5769.83,0,,0,0,0,,5769.83,5769.83,0,
E14000724,Haltemprice and Howden,45349.78,45349.94,-0.16,,43181.75,43180.9,0.85,,0,0,0,,43181.75,43180.9,0.85,
E14000725,Halton,6208.03,6208.03,0,,5084.28,5084.28,0,,0,0,0,,5084.28,5084.28,0,
E14000726,Hammersmith,1145.47,1145.47,0,,1127.76,1127.76,0,,0,0,0,,1127.76,1127.76,0,
E14000727,Hampstead and Kilburn,1274.97,1274.97,0,,1274.97,1274.97,0,,0,0,0,,1274.97,1274.97,0,
E14000728,Harborough,20488.27,20488.27,0,,20488.27,20488.27,0,,0,0,0,,20488.27,20488.27,0,
E14000729,Harlow,7969.15,7969.15,0,,7969.15,7969.15,0,,0,0,0,,7969.15,7969.15,0,
E14000730,Harrogate and Knaresborough,14814.7,14814.7,0,,14814.7,14814.7,0,,0,0,0,,14814.7,14814.7,0,
E14000731,Harrow East,2370.76,2370.76,0,,2370.76,2370.76,0,,0,0,0,,2370.76,2370.76,0,
E14000732,Harrow West,1785.32,1785.32,0,,1785.32,1785.32,0,,0,0,0,,1785.32,1785.32,0,
E14000733,Hartlepool,9834.67,9835.11,-0.44,,9371.26,9371.7,-0.44,,0,0,0,,9371.26,9371.7,-0.44,
E14000734,Harwich and North Essex,42087.73,42087.73,0,,39206.31,39206.31,0,,178,178.8,-0.8,,39027.51,39027.51,7.27596E-12,
E14000735,Hastings and Rye,18230.14,18230.14,0,,17704.31,17704.31,0,,0,0,0,,17704.31,17704.31,0,
E14000736,Havant,7079.05,7079.18,-0.13,,4758.39,4758.53,-0.14,,0,0,0,,4758.39,4758.53,-0.14,
E14000737,Hayes and Harlington,4503.68,4503.75,-0.07,,4503.68,4503.75,-0.07,,0,0,0,,4503.68,4503.75,-0.07,
E14000738,Hazel Grove,5829.79,5829.92,-0.13,,5829.79,5829.92,-0.13,,0,0,0,,5829.79,5829.92,-0.13,
E14000739,Hemel Hempstead,10437.14,10437.14,0,,10437.14,10437.14,0,,0,0,0,,10437.14,10437.14,0,
E14000740,Hemsworth,14997.71,14997.71,0,,14997.71,14997.71,0,,0,0,0,,14997.71,14997.71,0,
E14000741,Hendon,3134.06,3134.06,0,,3134.06,3134.06,0,,0,0,0,,3134.06,3134.06,0,
E14000742,Henley,68405.88,68404.74,1.14,,68405.88,68404.74,1.14,,0,0,0,,68405.88,68404.74,1.14,
E14000743,Hereford and South Herefordshire,72414.63,72414.63,0,,72414.63,72414.63,0,,0,0,0,,72414.63,72414.63,0,
E14000744,Hertford and Stortford,15661.31,15661.31,0,,15661.31,15661.31,0,,0,0,0,,15661.31,15661.31,0,
E14000745,Hertsmere,10112.82,10112.82,0,,10112.82,10112.82,0,,0,0,0,,10112.82,10112.82,0,
E14000746,Hexham,243958.63,243962.64,-4.01,,243954.12,243957.12,-3,,1241,1241.49,-0.49,,242712.86,242715.63,-2.77,
E14000747,Heywood and Middleton,7257.24,7257.23,0.01,,7257.24,7257.23,0.01,,0,0,0,,7257.24,7257.23,0.01,
E14000748,High Peak,54025.4,54025.4,0,,54025.4,54025.4,0,,111,111.08,-0.08,,53914.32,53914.32,0,
E14000749,Hitchin and Harpenden,25624.3,25624.3,0,,25624.3,25624.3,0,,0,0,0,,25624.3,25624.3,0,
E14000750,Holborn and St Pancras,1318.57,1318.57,0,,1318.57,1318.57,0,,0,0,0,,1318.57,1318.57,0,
E14000751,Hornchurch and Upminster,5764.16,5764.16,0,,5764.16,5764.16,0,,0,0,0,,5764.16,5764.16,0,
E14000752,Hornsey and Wood Green,1645.27,1645.27,0,,1645.27,1645.27,0,,0,0,0,,1645.27,1645.27,0,
E14000753,Horsham,34432.44,34432.44,0,,34432.44,34432.44,0,,0,0,0,,34432.44,34432.44,0,
E14000754,Houghton and Sunderland South,6593.49,6593.49,0,,6581.5,6581.5,0,,0,0,0,,6581.5,6581.5,0,
E14000755,Hove,2411.71,2411.71,0,,2394.3,2394.3,0,,0,0,0,,2394.3,2394.3,0,
E14000756,Huddersfield,4704.91,4704.91,0,,4704.91,4704.91,0,,0,0,0,,4704.91,4704.91,0,
E14000757,Huntingdon,33488.93,33488.93,0,,33488.93,33488.93,0,,624,624.86,-0.86,,32864.07,32864.07,0,
E14000758,Hyndburn,9026.35,9027.26,-0.91,,9026.35,9027.26,-0.91,,0,0,0,,9026.35,9027.26,-0.91,
E14000759,Ilford North,2899.93,2899.93,0,,2899.93,2899.93,0,,0,0,0,,2899.93,2899.93,0,
E14000760,Ilford South,1570.06,1570.06,0,,1566.37,1566.37,0,,0,0,0,,1566.37,1566.37,0,
E14000761,Ipswich,3230.53,3230.53,0,,3151.49,3151.49,0,,0,0,0,,3151.49,3151.49,0,
E14000762,Isle of Wight,39282.45,39282.45,0,,37962.01,37962.01,0,,0,0,0,,37962.01,37962.01,0,
E14000763,Islington North,738.35,738.35,0,,738.35,738.35,0,,0,0,0,,738.35,738.35,0,
E14000764,Islington South and Finsbury,747.46,747.46,0,,747.46,747.46,0,,0,0,0,,747.46,747.46,0,
E14000765,Jarrow,4855.01,4855.06,-0.05,,4724.66,4724.71,-0.05,,0,0,0,,4724.66,4724.71,-0.05,
E14000766,Keighley,16443.9,16443.86,0.04,,16443.9,16443.86,0.04,,0,0,0,,16443.9,16443.86,0.04,
E14000767,Kenilworth and Southam,62055.44,62055.44,0,,62055.44,62055.44,0,,244,244.4,-0.4,,61811.04,61811.04,0,
E14000768,Kensington,896.46,896.46,0,,896.46,896.46,0,,0,0,0,,896.46,896.46,0,
E14000769,Kettering,23348.99,23348.99,0,,23348.99,23348.99,0,,0,0,0,,23348.99,23348.99,0,
E14000770,Kingston and Surbiton,2836.83,2836.83,0,,2836.83,2836.83,0,,0,0,0,,2836.83,2836.83,0,
E14000771,Kingston upon Hull East,3282.26,3279.4,2.86,,2879.62,2879.62,0,,0,0,0,,2879.62,2879.62,0,
E14000772,Kingston upon Hull North,2489.8,2489.8,0,,2477.89,2477.89,0,,0,0,0,,2477.89,2477.89,0,
E14000773,Kingston upon Hull West and Hessle,3082.59,3082.59,0,,2371.75,2371.75,0,,0,0,0,,2371.75,2371.75,0,
E14000774,Kingswood,4312.94,4312.94,0,,4312.94,4312.94,0,,0,0,0,,4312.94,4312.94,0,
E14000775,Knowsley,5419.81,5419.81,0,,5419.81,5419.81,0,,0,0,0,,5419.81,5419.81,0,
E14000776,Lancaster and Fleetwood,49014.79,49009.77,5.02,,43786.37,43786.37,0,,0,0,0,,43786.37,43786.37,0,
E14000777,Leeds Central,4095.56,4095.56,0,,4095.56,4095.56,0,,0,0,0,,4095.56,4095.56,0,
E14000778,Leeds East,3368.44,3368.44,0,,3368.44,3368.44,0,,0,0,0,,3368.44,3368.44,0,
E14000779,Leeds North East,3948.45,3948.45,0,,3948.45,3948.45,0,,0,0,0,,3948.45,3948.45,0,
E14000780,Leeds North West,6212.27,6212.27,0,,6212.27,6212.27,0,,0,0,0,,6212.27,6212.27,0,
E14000781,Leeds West,3024.56,3024.56,0,,3024.56,3024.56,0,,0,0,0,,3024.56,3024.56,0,
E14000782,Leicester East,2328.65,2328.65,0,,2328.65,2328.65,0,,0,0,0,,2328.65,2328.65,0,
E14000783,Leicester South,2118.45,2118.45,0,,2118.45,2118.45,0,,0,0,0,,2118.45,2118.45,0,
E14000784,Leicester West,2887.11,2887.11,0,,2887.11,2887.11,0,,0,0,0,,2887.11,2887.11,0,
E14000785,Leigh,6706.22,6706.22,0,,6706.22,6706.22,0,,0,0,0,,6706.22,6706.22,0,
E14000786,Lewes,37326.97,37322.47,4.5,,37081.37,37081.37,0,,0,0,0,,37081.37,37081.37,0,
E14000787,Lewisham East,1477.1,1477.1,0,,1477.1,1477.1,0,,0,0,0,,1477.1,1477.1,0,
E14000788,Lewisham West and Penge,1586.46,1586.46,0,,1586.46,1586.46,0,,0,0,0,,1586.46,1586.46,0,
E14000789,"Lewisham, Deptford",1219.78,1219.78,0,,1202.99,1202.99,0,,0,0,0,,1202.99,1202.99,0,
E14000790,Leyton and Wanstead,1531.45,1531.45,0,,1531.45,1531.45,0,,0,0,0,,1531.45,1531.45,0,
E14000791,Lichfield,32906.56,32906.56,0,,32906.56,32906.56,0,,302,302.78,-0.78,,32603.78,32603.78,0,
E14000792,Lincoln,6389.84,6389.84,0,,6389.84,6389.84,0,,0,0,0,,6389.84,6389.84,0,
E14000793,"Liverpool, Riverside",3312.73,3312.73,0,,2407.74,2407.74,0,,0,0,0,,2407.74,2407.74,0,
E14000794,"Liverpool, Walton",1976.56,1976.56,0,,1976.56,1976.56,0,,0,0,0,,1976.56,1976.56,0,
E14000795,"Liverpool, Wavertree",1708.5,1708.5,0,,1708.5,1708.5,0,,0,0,0,,1708.5,1708.5,0,
E14000796,"Liverpool, West Derby",2061.93,2061.93,0,,2061.93,2061.93,0,,0,0,0,,2061.93,2061.93,0,
E14000797,Loughborough,13057.02,13057.02,0,,13057.02,13057.02,0,,0,0,0,,13057.02,13057.02,0,
E14000798,Louth and Horncastle,140167.49,140167.49,0,,137819.73,137819.73,0,,0,0,0,,137819.73,137819.73,0,
E14000799,Ludlow,155492.12,155492.12,0,,155492.12,155492.12,0,,0,0,0,,155492.12,155492.12,0,
E14000800,Luton North,1878.52,1878.52,0,,1878.52,1878.52,0,,0,0,0,,1878.52,1878.52,0,
E14000801,Luton South,5578.83,5578.83,0,,5578.83,5578.83,0,,0,0,0,,5578.83,5578.83,0,
E14000802,Macclesfield,30173.85,30173.85,0,,30173.85,30173.85,0,,0,0,0,,30173.85,30173.85,0,
E14000803,Maidenhead,18341.4,18341.76,-0.36,,18341.4,18341.76,-0.36,,0,0,0,,18341.4,18341.76,-0.36,
E14000804,Maidstone and The Weald,22368.06,22368.06,0,,22367,22367,0,,0,0,0,,22367,22367,0,
E14000805,Makerfield,5586.07,5586.07,0,,5586.07,5586.07,0,,0,0,0,,5586.07,5586.07,0,
E14000806,Maldon,43444.88,43444.88,0,,37514.47,37514.47,0,,346,346.93,-0.93,,37167.54,37167.54,0,
E14000807,Manchester Central,2846.45,2846.45,0,,2846.45,2846.45,0,,0,0,0,,2846.45,2846.45,0,
E14000808,"Manchester, Gorton",1728.08,1728.08,0,,1728.08,1728.08,0,,0,0,0,,1728.08,1728.08,0,
E14000809,"Manchester, Withington",1931.37,1931.37,0,,1931.37,1931.37,0,,0,0,0,,1931.37,1931.37,0,
E14000810,Mansfield,7669.69,7669.69,0,,7669.69,7669.69,0,,0,0,0,,7669.69,7669.69,0,
E14000811,Meon Valley,40226.1,40228.24,-2.14,,40217.05,40219.19,-2.14,,0,0,0,,40217.05,40219.19,-2.14,
E14000812,Meriden,14556.37,14556.37,0,,14556.37,14556.37,0,,0,0,0,,14556.37,14556.37,0,
E14000813,Mid Bedfordshire,45750.55,45750.55,0,,45750.55,45750.55,0,,0,0,0,,45750.55,45750.55,0,
E14000814,Mid Derbyshire,9214.01,9214.01,0,,9214.01,9214.01,0,,0,0,0,,9214.01,9214.01,0,
E14000815,Mid Dorset and North Poole,18026.93,18053.34,-26.41,Change in Foreshore,17579.48,17579.48,0,,0,0,0,,17579.48,17579.48,0,
E14000816,Mid Norfolk,76034.71,76034.71,0,,76034.71,76034.71,0,,0,0,0,,76034.71,76034.71,0,
E14000817,Mid Sussex,18812.44,18812.44,0,,18812.44,18812.44,0,,0,0,0,,18812.44,18812.44,0,
E14000818,Mid Worcestershire,44093.23,44093.23,0,,44093.23,44093.23,0,,0,0,0,,44093.23,44093.23,0,
E14000819,Middlesbrough,2980.99,2980.99,0,,2913.79,2913.79,0,,0,0,0,,2913.79,2913.79,0,
E14000820,Middlesbrough South and East Cleveland,19966.19,19966.19,0,,19716.03,19716.03,0,,0,0,0,,19716.03,19716.03,0,
E14000821,Milton Keynes North,22879.11,22879.11,0,,22879.11,22879.11,0,,0,0,0,,22879.11,22879.11,0,
E14000822,Milton Keynes South,7983.57,7983.57,0,,7983.57,7983.57,0,,0,0,0,,7983.57,7983.57,0,
E14000823,Mitcham and Morden,1644.32,1644.32,0,,1644.32,1644.32,0,,0,0,0,,1644.32,1644.32,0,
E14000824,Mole Valley,36946.16,36946.16,0,,36946.16,36946.16,0,,0,0,0,,36946.16,36946.16,0,
E14000825,Morecambe and Lunesdale,32090.73,32077.73,13,Change in Foreshore,24427.74,24427.28,0.46,,0,0,0,,24427.74,24427.28,0.46,
E14000826,Morley and Outwood,6861.35,6861.35,0,,6861.35,6861.35,0,,0,0,0,,6861.35,6861.35,0,
E14000827,New Forest East,41566.18,41566.18,0,,39585.36,39585.36,0,,0,0,0,,39585.36,39585.36,0,
E14000828,New Forest West,36062.39,36062.39,0,,35632.16,35632.16,0,,0,0,0,,35632.16,35632.16,0,
E14000829,Newark,70158.93,70158.93,0,,70030.77,70030.77,0,,0,0,0,,70030.77,70030.77,0,
E14000830,Newbury,59679.38,59679.21,0.17,,59679.38,59679.21,0.17,,0,0,0,,59679.38,59679.21,0.17,
E14000831,Newcastle upon Tyne Central,2442.97,2442.97,0,,2380.63,2380.63,0,,0,0,0,,2380.63,2380.63,0,
E14000832,Newcastle upon Tyne East,1974.63,1974.63,0,,1908.54,1908.54,0,,0,0,0,,1908.54,1908.54,0,
E14000833,Newcastle upon Tyne North,7094.18,7093.29,0.89,,7056.45,7056.01,0.44,,0,0,0,,7056.45,7056.01,0.44,
E14000834,Newcastle-under-Lyme,8110.84,8110.84,0,,8110.84,8110.84,0,,0,0,0,,8110.84,8110.84,0,
E14000835,Newton Abbot,20855.15,20854.87,0.28,,20353.74,20353.46,0.28,,0,0,0,,20353.74,20353.46,0.28,
E14000836,"Normanton, Pontefract and Castleford",8639.5,8639.5,0,,8639.5,8639.5,0,,0,0,0,,8639.5,8639.5,0,
E14000837,North Cornwall,120997.73,120998.69,-0.96,,119526.47,119526.45,0.02,,0,0,0,,119526.47,119526.45,0.02,
E14000838,North Devon,110472.06,110474.04,-1.98,,108588.56,108589.22,-0.66,,0,0,0,,108588.56,108589.22,-0.66,
E14000839,North Dorset,88060.56,88060.56,0,,88060.56,88060.56,0,,0,0,0,,88060.56,88060.56,0,
E14000840,North Durham,10417.17,10417.48,-0.31,,10409.51,10409.83,-0.32,,0,0,0,,10409.51,10409.83,-0.32,
E14000841,North East Bedfordshire,54280.09,54280.09,0,,54280.09,54280.09,0,,0,0,0,,54280.09,54280.09,0,
E14000842,North East Cambridgeshire,72547.19,72547.19,0,,72413.93,72413.93,0,,0,0,0,,72413.93,72413.93,0,
E14000843,North East Derbyshire,22823.12,22823.12,0,,22823.12,22823.12,0,,0,0,0,,22823.12,22823.12,0,
E14000844,North East Hampshire,40147.06,40147.82,-0.76,,40147.06,40147.82,-0.76,,0,0,0,,40147.06,40147.82,-0.76,
E14000845,North East Hertfordshire,50226.97,50226.97,0,,50226.97,50226.97,0,,0,0,0,,50226.97,50226.97,0,
E14000846,North East Somerset,32244.77,32244.77,0,,32244.77,32244.77,0,,524,524.48,-0.48,,31720.29,31720.29,0,
E14000847,North Herefordshire,145556.32,145556.32,0,,145556.32,145556.32,0,,0,0,0,,145556.32,145556.32,0,
E14000848,North Norfolk,75409.14,75422.85,-13.71,Change in Foreshore,73165.36,73165.36,0,,158,158.64,-0.64,,73006.72,73006.72,0,
E14000849,North Shropshire,93521.04,93521.04,0,,93521.04,93521.04,0,,0,0,0,,93521.04,93521.04,0,
E14000850,North Somerset,23176.07,23176.07,0,,22824.51,22824.51,0,,15,15.13,-0.13,,22809.38,22809.38,3.63798E-12,
E14000851,North Swindon,10632.46,10632.46,0,,10632.46,10632.46,0,,0,0,0,,10632.46,10632.46,0,
E14000852,North Thanet,14146.51,14146.51,0,,13672.88,13672.88,0,,0,0,0,,13672.88,13672.88,0,
E14000853,North Tyneside,4540.21,4539.11,1.1,,4414.53,4413.43,1.1,,0,0,0,,4414.53,4413.43,1.1,
E14000854,North Warwickshire,26647.98,26647.98,0,,26647.98,26647.98,0,,0,0,0,,26647.98,26647.98,0,
E14000855,North West Cambridgeshire,74601.05,74601.05,0,,74591.99,74591.99,0,,3,3.09,-0.09,,74588.9,74588.9,-1.45519E-11,
E14000856,North West Durham,70103.12,70100.82,2.3,,70103.12,70100.82,2.3,,167,167.32,-0.32,,69935.57,69933.5,2.07,
E14000857,North West Hampshire,58947.99,58946.4,1.59,,58947.99,58946.4,1.59,,0,0,0,,58947.99,58946.4,1.59,
E14000858,North West Leicestershire,27932.81,27932.81,0,,27932.81,27932.81,0,,0,0,0,,27932.81,27932.81,0,
E14000859,North West Norfolk,87359.3,87357.93,1.37,,78813.4,78813.4,0,,0,0,0,,78813.4,78813.4,0,
E14000860,North Wiltshire,71424.6,71424.6,0,,71424.6,71424.6,0,,0,0,0,,71424.6,71424.6,0,
E14000861,Northampton North,2236.66,2236.66,0,,2236.66,2236.66,0,,0,0,0,,2236.66,2236.66,0,
E14000862,Northampton South,3295.22,3295.22,0,,3295.22,3295.22,0,,0,0,0,,3295.22,3295.22,0,
E14000863,Norwich North,3618.84,3618.84,0,,3607.99,3607.99,0,,0,0,0,,3607.99,3607.99,0,
E14000864,Norwich South,3032.32,3032.32,0,,2879.1,2879.1,0,,0,0,0,,2879.1,2879.1,0,
E14000865,Nottingham East,1870.6,1870.6,0,,1870.6,1870.6,0,,0,0,0,,1870.6,1870.6,0,
E14000866,Nottingham North,2334.15,2334.15,0,,2334.15,2334.15,0,,0,0,0,,2334.15,2334.15,0,
E14000867,Nottingham South,3256.61,3256.61,0,,3256.61,3256.61,0,,0,0,0,,3256.61,3256.61,0,
E14000868,Nuneaton,8302.31,8302.31,0,,8302.31,8302.31,0,,0,0,0,,8302.31,8302.31,0,
E14000869,Old Bexley and Sidcup,2455.02,2454.75,0.27,,2455.02,2454.75,0.27,,0,0,0,,2455.02,2454.75,0.27,
E14000870,Oldham East and Saddleworth,10440.98,10440.98,0,,10440.98,10440.98,0,,0,0,0,,10440.98,10440.98,0,
E14000871,Oldham West and Royton,3083.85,3083.85,0,,3083.85,3083.85,0,,0,0,0,,3083.85,3083.85,0,
E14000872,Orpington,7872.46,7872.46,0,,7872.46,7872.46,0,,0,0,0,,7872.46,7872.46,0,
E14000873,Oxford East,3060.44,3060.44,0,,3060.44,3060.44,0,,0,0,0,,3060.44,3060.44,0,
E14000874,Oxford West and Abingdon,12873.82,12875.77,-1.95,,12873.82,12875.77,-1.95,,101,101.58,-0.58,,12772.24,12774.19,-1.95,
E14000875,Pendle,16938.01,16938.01,0,,16938.01,16938.01,0,,0,0,0,,16938.01,16938.01,0,
E14000876,Penistone and Stocksbridge,29382.71,29382.71,0,,29382.71,29382.71,0,,0,0,0,,29382.71,29382.71,0,
E14000877,Penrith and The Border,313630.84,313619.74,11.1,,311939.35,311941.37,-2.02,,1410,1410.34,-0.34,,310529.01,310531.03,-2.02,
E14000878,Peterborough,17508.38,17508.38,0,,17502.41,17502.41,0,,0,0,0,,17502.41,17502.41,0,
E14000879,"Plymouth, Moor View",3441.52,3441.5,0.02,,3262.51,3262.49,0.02,,0,0,0,,3262.51,3262.49,0.02,
E14000880,"Plymouth, Sutton and Devonport",2261.42,2261.04,0.38,,2113.59,2113.59,0,,0,0,0,,2113.59,2113.59,0,
E14000881,Poole,4096.3,4096.3,0,,3120.43,3120.43,0,,0,0,0,,3120.43,3120.43,0,
E14000882,Poplar and Limehouse,1240.84,1240.84,0,,1060.24,1060.24,0,,0,0,0,,1060.24,1060.24,0,
E14000883,Portsmouth North,4316.2,4315.75,0.45,,2695.36,2694.91,0.45,,0,0,0,,2695.36,2694.91,0.45,
E14000884,Portsmouth South,1697.39,1697.39,0,,1343.76,1343.26,0.5,,0,0,0,,1343.76,1343.26,0.5,
E14000885,Preston,2695.02,2695.02,0,,2648.26,2648.26,0,,0,0,0,,2648.26,2648.26,0,
E14000886,Pudsey,5498.85,5498.85,0,,5498.85,5498.85,0,,0,0,0,,5498.85,5498.85,0,
E14000887,Putney,1301.08,1301.08,0,,1274.93,1274.93,0,,0,0,0,,1274.93,1274.93,0,
E14000888,Rayleigh and Wickford,11886.2,11883.15,3.05,,11004.46,11004.46,0,,0,0,0,,11004.46,11004.46,0,
E14000889,Reading East,2756.42,2755.52,0.9,,2756.42,2755.52,0.9,,0,0,0,,2756.42,2755.52,0.9,
E14000890,Reading West,5085.01,5085.97,-0.96,,5085.01,5085.97,-0.96,,0,0,0,,5085.01,5085.97,-0.96,
E14000891,Redcar,7886.72,7886.72,0,,7265.28,7265.28,0,,0,0,0,,7265.28,7265.28,0,
E14000892,Redditch,14864.27,14864.27,0,,14864.27,14864.27,0,,0,0,0,,14864.27,14864.27,0,
E14000893,Reigate,11182.89,11182.89,0,,11182.89,11182.89,0,,0,0,0,,11182.89,11182.89,0,
E14000894,Ribble Valley,63276.02,63275.11,0.91,,63262.97,63262.07,0.9,,128,128.58,-0.58,,63134.39,63133.49,0.9,
E14000895,Richmond (Yorks),207778.37,207778.82,-0.45,,207778.37,207778.82,-0.45,,0,0,0,,207778.37,207778.82,-0.45,
E14000896,Richmond Park,3815.54,3815.54,0,,3712.63,3712.63,0,,0,0,0,,3712.63,3712.63,0,
E14000897,Rochdale,8555.58,8555.59,-0.01,,8555.58,8555.59,-0.01,,0,0,0,,8555.58,8555.59,-0.01,
E14000898,Rochester and Strood,21270.94,21270.94,0,,14891.66,14891.66,0,,0,0,0,,14891.66,14891.66,0,
E14000899,Rochford and Southend East,20178.5,20181.55,-3.05,,9297.04,9297.04,0,,0,0,0,,9297.04,9297.04,0,
E14000900,Romford,2939.85,2939.85,0,,2939.85,2939.85,0,,0,0,0,,2939.85,2939.85,0,
E14000901,Romsey and Southampton North,42043.54,42044.56,-1.02,,42038.53,42039.56,-1.03,,0,0,0,,42038.53,42039.56,-1.03,
E14000902,Rossendale and Darwen,21745.28,21745.28,0,,21745.28,21745.28,0,,0,0,0,,21745.28,21745.28,0,
E14000903,Rother Valley,16675.32,16675.32,0,,16675.32,16675.32,0,,0,0,0,,16675.32,16675.32,0,
E14000904,Rotherham,4509.37,4509.37,0,,4509.37,4509.37,0,,0,0,0,,4509.37,4509.37,0,
E14000905,Rugby,24657.36,24657.36,0,,24657.36,24657.36,0,,0,0,0,,24657.36,24657.36,0,
E14000906,"Ruislip, Northwood and Pinner",4951.28,4951.29,-0.01,,4951.28,4951.29,-0.01,,0,0,0,,4951.28,4951.29,-0.01,
E14000907,Runnymede and Weybridge,9382.74,9382.74,0,,9382.74,9382.74,0,,0,0,0,,9382.74,9382.74,0,
E14000908,Rushcliffe,30931.3,30931.3,0,,30931.3,30931.3,0,,0,0,0,,30931.3,30931.3,0,
E14000909,Rutland and Melton,111767.55,111767.55,0,,111767.55,111767.55,0,,1281,1281.33,-0.33,,110486.22,110486.22,0,
E14000910,Saffron Walden,79542.77,79542.77,0,,79542.77,79542.77,0,,0,0,0,,79542.77,79542.77,0,
E14000911,Salford and Eccles,3173.22,3173.22,0,,3173.22,3173.22,0,,0,0,0,,3173.22,3173.22,0,
E14000912,Salisbury,61260.32,61260.32,0,,61260.32,61260.32,0,,0,0,0,,61260.32,61260.32,0,
E14000913,Scarborough and Whitby,74599.81,74605.33,-5.52,,73825.22,73830.74,-5.52,,0,0,0,,73825.22,73830.74,-5.52,
E14000914,Scunthorpe,18266.23,18266.23,0,,18241.78,18241.78,0,,0,0,0,,18241.78,18241.78,0,
E14000915,Sedgefield,36684.62,36683.59,1.03,,36684.62,36683.59,1.03,,0,0,0,,36684.62,36683.59,1.03,
E14000916,Sefton Central,9701.6,9697.71,3.89,,8407.69,8407.67,0.02,,0,0,0,,8407.69,8407.67,0.02,
E14000917,Selby and Ainsty,84777.36,84777.83,-0.47,,84486.12,84486.59,-0.47,,0,0,0,,84486.12,84486.59,-0.47,
E14000918,Sevenoaks,24961.22,24961.22,0,,24961.22,24961.22,0,,1,1.51,-0.51,,24959.71,24959.71,-3.63798E-12,
E14000919,Sheffield Central,2016.25,2016.25,0,,2016.25,2016.25,0,,0,0,0,,2016.25,2016.25,0,
E14000920,Sheffield South East,4433.6,4433.6,0,,4433.6,4433.6,0,,0,0,0,,4433.6,4433.6,0,
E14000921,"Sheffield, Brightside and Hillsborough",2737.9,2737.9,0,,2737.9,2737.9,0,,0,0,0,,2737.9,2737.9,0,
E14000922,"Sheffield, Hallam",13528.39,13528.39,0,,13528.39,13528.39,0,,0,0,0,,13528.39,13528.39,0,
E14000923,"Sheffield, Heeley",2523.8,2523.8,0,,2523.8,2523.8,0,,0,0,0,,2523.8,2523.8,0,
E14000924,Sherwood,30723.32,30723.32,0,,30723.32,30723.32,0,,0,0,0,,30723.32,30723.32,0,
E14000925,Shipley,9502.07,9502.11,-0.04,,9502.07,9502.11,-0.04,,0,0,0,,9502.07,9502.11,-0.04,
E14000926,Shrewsbury and Atcham,60164.48,60164.48,0,,60164.48,60164.48,0,,0,0,0,,60164.48,60164.48,0,
E14000927,Sittingbourne and Sheppey,28420.22,28420.58,-0.36,,23829.25,23829.25,0,,0,0,0,,23829.25,23829.25,0,
E14000928,Skipton and Ripon,209423.77,209422.8,0.97,,209423.77,209422.8,0.97,,259,259.98,-0.98,,209163.79,209162.82,0.97,
E14000929,Sleaford and North Hykeham,112237.14,112237.14,0,,112237.14,112237.14,0,,0,0,0,,112237.14,112237.14,0,
E14000930,Slough,2691.65,2691.65,0,,2691.65,2691.65,0,,0,0,0,,2691.65,2691.65,0,
E14000931,Solihull,3271.85,3271.85,0,,3271.85,3271.85,0,,0,0,0,,3271.85,3271.85,0,
E14000932,Somerton and Frome,95083.66,95083.66,0,,95081.87,95081.87,0,,0,0,0,,95081.87,95081.87,0,
E14000933,South Basildon and East Thurrock,14580.36,14582.45,-2.09,,13174.26,13174.26,0,,0,0,0,,13174.26,13174.26,0,
E14000934,South Cambridgeshire,62916.48,62916.36,0.12,,62916.48,62916.36,0.12,,0,0,0,,62916.48,62916.36,0.12,
E14000935,South Derbyshire,33812.7,33812.7,0,,33812.7,33812.7,0,,0,0,0,,33812.7,33812.7,0,
E14000936,South Dorset,39134.77,39108.36,26.41,Change in Foreshore,37099.2,37099.2,0,,0,0,0,,37099.2,37099.2,0,
E14000937,South East Cambridgeshire,75064.34,75064.34,0,,75057.4,75057.4,0,,0,0,0,,75057.4,75057.4,0,
E14000938,South East Cornwall,73824.68,73809.65,15.03,Change in Foreshore,71926.79,71926.65,0.14,,350,350.55,-0.55,,71576.24,71576.1,0.14,
E14000939,South Holland and The Deepings,84427.25,84427.25,0,,77884.49,77884.49,0,,0,0,0,,77884.49,77884.49,0,
E14000940,South Leicestershire,28451.51,28451.51,0,,28451.51,28451.51,0,,0,0,0,,28451.51,28451.51,0,
E14000941,South Norfolk,79247.31,79247.31,0,,79114.32,79114.32,0,,0,0,0,,79114.32,79114.32,0,
E14000942,South Northamptonshire,61033.2,61033.2,0,,61033.2,61033.2,0,,0,0,0,,61033.2,61033.2,0,
E14000943,South Ribble,23305.22,23263.95,41.27,Change in Foreshore,19682.35,19682.35,0,,0,0,0,,19682.35,19682.35,0,
E14000944,South Shields,2615.19,2615.14,0.05,,2460.54,2460.49,0.05,,0,0,0,,2460.54,2460.49,0.05,
E14000945,South Staffordshire,27376.19,27376.19,0,,27376.19,27376.19,0,,0,0,0,,27376.19,27376.19,0,
E14000946,South Suffolk,66907.08,66903.49,3.59,,65254.73,65254.73,0,,139,139.25,-0.25,,65115.48,65115.48,0,
E14000947,South Swindon,12376.88,12376.88,0,,12376.88,12376.88,0,,0,0,0,,12376.88,12376.88,0,
E14000948,South Thanet,13757.32,13757.32,0,,12809.91,12809.91,0,,0,0,0,,12809.91,12809.91,0,
E14000949,South West Bedfordshire,12660.7,12660.7,0,,12660.7,12660.7,0,,0,0,0,,12660.7,12660.7,0,
E14000950,South West Devon,37854.81,37855.16,-0.35,,37059.69,37059.63,0.06,,0,0,0,,37059.69,37059.63,0.06,
E14000951,South West Hertfordshire,17384.38,17384.38,0,,17384.38,17384.38,0,,0,0,0,,17384.38,17384.38,0,
E14000952,South West Norfolk,131266.91,131266.91,0,,131075.01,131075.01,0,,0,0,0,,131075.01,131075.01,0,
E14000953,South West Surrey,25630.73,25630.73,0,,25630.73,25630.73,0,,0,0,0,,25630.73,25630.73,0,
E14000954,South West Wiltshire,73744.4,73744.4,0,,73744.4,73744.4,0,,0,0,0,,73744.4,73744.4,0,
E14000955,"Southampton, Itchen",2534.17,2534.17,0,,2034.89,2034.89,0,,0,0,0,,2034.89,2034.89,0,
E14000956,"Southampton, Test",2351.28,2351.28,0,,2202.45,2202.45,0,,0,0,0,,2202.45,2202.45,0,
E14000957,Southend West,2396.07,2406.09,-10.02,Change in Foreshore,1958.99,1958.99,0,,0,0,0,,1958.99,1958.99,0,
E14000958,Southport,7761.22,7761.22,0,,4665.78,4665.78,0,,0,0,0,,4665.78,4665.78,0,
E14000959,Spelthorne,5116.14,5116.14,0,,5116.14,5116.14,0,,627,627.34,-0.34,,4488.8,4488.8,0,
E14000960,St Albans,6723.03,6723.03,0,,6723.03,6723.03,0,,0,0,0,,6723.03,6723.03,0,
E14000961,St Austell and Newquay,40256.26,40254.84,1.42,,39665.58,39665.64,-0.06,,0,0,0,,39665.58,39665.64,-0.06,
E14000962,St Helens North,8380.59,8380.59,0,,8380.59,8380.59,0,,0,0,0,,8380.59,8380.59,0,
E14000963,St Helens South and Whiston,6413.52,6413.52,0,,6413.52,6413.52,0,,0,0,0,,6413.52,6413.52,0,
E14000964,St Ives,54497.01,54496.41,0.6,,53021.8,53022.13,-0.33,,0,0,0,,53021.8,53022.13,-0.33,
E14000965,Stafford,29100.84,29100.84,0,,29100.84,29100.84,0,,0,0,0,,29100.84,29100.84,0,
E14000966,Staffordshire Moorlands,51347.48,51347.48,0,,51347.48,51347.48,0,,0,0,0,,51347.48,51347.48,0,
E14000967,Stalybridge and Hyde,6322.93,6323.08,-0.15,,6322.93,6323.08,-0.15,,0,0,0,,6322.93,6323.08,-0.15,
E14000968,Stevenage,6340.68,6340.68,0,,6340.68,6340.68,0,,0,0,0,,6340.68,6340.68,0,
E14000969,Stockport,2191.44,2191.61,-0.17,,2191.44,2191.61,-0.17,,0,0,0,,2191.44,2191.61,-0.17,
E14000970,Stockton North,12539.63,12539.63,0,,12062.48,12062.48,0,,0,0,0,,12062.48,12062.48,0,
E14000971,Stockton South,8433.45,8433.45,0,,8430.81,8430.81,0,,0,0,0,,8430.81,8430.81,0,
E14000972,Stoke-on-Trent Central,3027.23,3027.23,0,,3027.23,3027.23,0,,0,0,0,,3027.23,3027.23,0,
E14000973,Stoke-on-Trent North,4219.18,4219.18,0,,4219.18,4219.18,0,,0,0,0,,4219.18,4219.18,0,
E14000974,Stoke-on-Trent South,3284.95,3284.95,0,,3284.95,3284.95,0,,0,0,0,,3284.95,3284.95,0,
E14000975,Stone,62108.3,62108.3,0,,62108.3,62108.3,0,,0,0,0,,62108.3,62108.3,0,
E14000976,Stourbridge,2740.68,2740.68,0,,2740.68,2740.68,0,,0,0,0,,2740.68,2740.68,0,
E14000977,Stratford-on-Avon,67071.47,67071.47,0,,67071.47,67071.47,0,,0,0,0,,67071.47,67071.47,0,
E14000978,Streatham,1044.44,1044.44,0,,1044.44,1044.44,0,,0,0,0,,1044.44,1044.44,0,
E14000979,Stretford and Urmston,4680.61,4680.61,0,,4680.61,4680.61,0,,0,0,0,,4680.61,4680.61,0,
E14000980,Stroud,40021.34,40020.9,0.44,,38532.31,38532.31,0,,0,0,0,,38532.31,38532.31,0,
E14000981,Suffolk Coastal,78281.14,78288.15,-7.01,,75314.69,75314.69,0,,0,0,0,,75314.69,75314.69,0,
E14000982,Sunderland Central,3063.13,3063.13,0,,2901.71,2901.71,0,,0,0,0,,2901.71,2901.71,0,
E14000983,Surrey Heath,10812.38,10812.38,0,,10812.38,10812.38,0,,0,0,0,,10812.38,10812.38,0,
E14000984,Sutton and Cheam,1834.97,1835.13,-0.16,,1834.97,1835.13,-0.16,,0,0,0,,1834.97,1835.13,-0.16,
E14000985,Sutton Coldfield,5763.67,5763.67,0,,5763.67,5763.67,0,,0,0,0,,5763.67,5763.67,0,
E14000986,Tamworth,17969.02,17969.02,0,,17969.02,17969.02,0,,0,0,0,,17969.02,17969.02,0,
E14000987,Tatton,33048.27,33048.27,0,,33048.27,33048.27,0,,0,0,0,,33048.27,33048.27,0,
E14000988,Taunton Deane,46250.28,46249.64,0.64,,46236.71,46236.07,0.64,,0,0,0,,46236.71,46236.07,0.64,
E14000989,Telford,5052.53,5052.53,0,,5052.53,5052.53,0,,0,0,0,,5052.53,5052.53,0,
E14000990,Tewkesbury,36879.29,36879.29,0,,36879.29,36879.29,0,,0,0,0,,36879.29,36879.29,0,
E14000991,The Cotswolds,123974.33,123974.33,0,,123974.33,123974.33,0,,0,0,0,,123974.33,123974.33,0,
E14000992,The Wrekin,34528.73,34528.73,0,,34528.73,34528.73,0,,0,0,0,,34528.73,34528.73,0,
E14000993,Thirsk and Malton,213825.24,213820.6,4.64,,213668.17,213663.53,4.64,,0,0,0,,213668.17,213663.53,4.64,
E14000994,Thornbury and Yate,39699.07,39699.07,0,,37322.16,37322.16,0,,0,0,0,,37322.16,37322.16,0,
E14000995,Thurrock,7498.09,7498.09,0,,6802.56,6802.56,0,,0,0,0,,6802.56,6802.56,0,
E14000996,Tiverton and Honiton,90465.65,90464.71,0.94,,90343.68,90342.73,0.95,,0,0,0,,90343.68,90342.73,0.95,
E14000997,Tonbridge and Malling,30065.61,30065.61,0,,30065.61,30065.61,0,,110,110.11,-0.11,,29955.5,29955.5,0,
E14000998,Tooting,1123.64,1123.64,0,,1123.64,1123.64,0,,0,0,0,,1123.64,1123.64,0,
E14000999,Torbay,9207.62,9206.19,1.43,,3576.22,3576.22,0,,0,0,0,,3576.22,3576.22,0,
E14001000,Torridge and West Devon,171633.47,171643.56,-10.09,,170281.44,170278.74,2.7,,289,289.82,-0.82,,169991.62,169988.92,2.7,
E14001001,Totnes,58138.92,58131.38,7.54,,56915.99,56916.39,-0.4,,0,0,0,,56915.99,56916.39,-0.4,
E14001002,Tottenham,1315.35,1315.35,0,,1315.35,1315.35,0,,0,0,0,,1315.35,1315.35,0,
E14001003,Truro and Falmouth,45554.49,45556.8,-2.31,,44457.11,44457.4,-0.29,,0,0,0,,44457.11,44457.4,-0.29,
E14001004,Tunbridge Wells,24806.94,24806.94,0,,24806.94,24806.94,0,,0,0,0,,24806.94,24806.94,0,
E14001005,Twickenham,2948.22,2948.22,0,,2915.76,2915.76,0,,0,0,0,,2915.76,2915.76,0,
E14001006,Tynemouth,3942.12,3941.9,0.22,,3816.84,3816.63,0.21,,0,0,0,,3816.84,3816.63,0.21,
E14001007,Uxbridge and South Ruislip,3005.83,3005.74,0.09,,3005.83,3005.74,0.09,,0,0,0,,3005.83,3005.74,0.09,
E14001008,Vauxhall,900.71,900.71,0,,857.66,857.66,0,,0,0,0,,857.66,857.66,0,
E14001009,Wakefield,7784.69,7784.69,0,,7784.69,7784.69,0,,0,0,0,,7784.69,7784.69,0,
E14001010,Wallasey,3660.18,3660.18,0,,2328.58,2328.58,0,,0,0,0,,2328.58,2328.58,0,
E14001011,Walsall North,2691.31,2691.31,0,,2691.31,2691.31,0,,0,0,0,,2691.31,2691.31,0,
E14001012,Walsall South,3304.39,3304.39,0,,3304.39,3304.39,0,,0,0,0,,3304.39,3304.39,0,
E14001013,Walthamstow,1618.09,1618.09,0,,1618.09,1618.09,0,,0,0,0,,1618.09,1618.09,0,
E14001014,Wansbeck,13932.51,13933.73,-1.22,,13679.7,13680.54,-0.84,,0,0,0,,13679.7,13680.54,-0.84,
E14001015,Wantage,58446.02,58445.55,0.47,,58446.02,58445.55,0.47,,0,0,0,,58446.02,58445.55,0.47,
E14001016,Warley,1935.93,1935.93,0,,1935.93,1935.93,0,,0,0,0,,1935.93,1935.93,0,
E14001017,Warrington North,9143.88,9143.88,0,,9141.67,9141.67,0,,0,0,0,,9141.67,9141.67,0,
E14001018,Warrington South,9094.48,9094.48,0,,8921.13,8921.13,0,,0,0,0,,8921.13,8921.13,0,
E14001019,Warwick and Leamington,9017.48,9017.48,0,,9017.48,9017.48,0,,0,0,0,,9017.48,9017.48,0,
E14001020,Washington and Sunderland West,4305.17,4305.17,0,,4260.42,4260.42,0,,0,0,0,,4260.42,4260.42,0,
E14001021,Watford,3697.52,3697.52,0,,3697.52,3697.52,0,,0,0,0,,3697.52,3697.52,0,
E14001022,Waveney,25168.11,25168.11,0,,24756.92,24756.92,0,,0,0,0,,24756.92,24756.92,0,
E14001023,Wealden,57102.42,57102.42,0,,57102.42,57102.42,0,,182,182.26,-0.26,,56920.16,56920.16,7.27596E-12,
E14001024,Weaver Vale,16928.76,16928.76,0,,16616.89,16616.89,0,,0,0,0,,16616.89,16616.89,0,
E14001025,Wellingborough,16548.09,16548.08,0.01,,16548.09,16548.08,0.01,,0,0,0,,16548.09,16548.08,0.01,
E14001026,Wells,57498.02,57498.02,0,,55597.34,55597.34,0,,0,0,0,,55597.34,55597.34,0,
E14001027,Welwyn Hatfield,11411.3,11411.3,0,,11411.3,11411.3,0,,0,0,0,,11411.3,11411.3,0,
E14001028,Wentworth and Dearne,9029.5,9029.5,0,,9029.5,9029.5,0,,0,0,0,,9029.5,9029.5,0,
E14001029,West Bromwich East,2782.79,2782.79,0,,2782.79,2782.79,0,,0,0,0,,2782.79,2782.79,0,
E14001030,West Bromwich West,2749.2,2749.2,0,,2749.2,2749.2,0,,0,0,0,,2749.2,2749.2,0,
E14001031,West Dorset,103828.78,103828.78,0,,103300.02,103300.02,0,,0,0,0,,103300.02,103300.02,0,
E14001032,West Ham,1758.22,1758.12,0.1,,1734.29,1734.19,0.1,,0,0,0,,1734.29,1734.19,0.1,
E14001033,West Lancashire,26235.59,26235.59,0,,26235.13,26235.13,0,,0,0,0,,26235.13,26235.13,0,
E14001034,West Suffolk,81829.88,81829.88,0,,81829.88,81829.88,0,,0,0,0,,81829.88,81829.88,0,
E14001035,West Worcestershire,70528.89,70528.89,0,,70528.89,70528.89,0,,0,0,0,,70528.89,70528.89,0,
E14001036,Westminster North,798.95,798.95,0,,798.95,798.95,0,,0,0,0,,798.95,798.95,0,
E14001037,Westmorland and Lonsdale,147768.07,147775.58,-7.51,,135149.82,135150.07,-0.25,,1946,1946.09,-0.09,,133203.73,133203.98,-0.25,
E14001038,Weston-Super-Mare,15870.64,15870.64,0,,14639.21,14639.21,0,,73,73.63,-0.63,,14565.58,14565.58,0,
E14001039,Wigan,6050.9,6050.9,0,,6050.9,6050.9,0,,0,0,0,,6050.9,6050.9,0,
E14001040,Wimbledon,2118.09,2118.09,0,,2118.09,2118.09,0,,0,0,0,,2118.09,2118.09,0,
E14001041,Winchester,32490.9,32489.51,1.39,,32490.9,32489.51,1.39,,0,0,0,,32490.9,32489.51,1.39,
E14001042,Windsor,14829.87,14829.87,0,,14829.87,14829.87,0,,192,192.55,-0.55,,14637.32,14637.32,-1.81899E-12,
E14001043,Wirral South,8820.34,8820.34,0,,6437.46,6437.46,0,,0,0,0,,6437.46,6437.46,0,
E14001044,Wirral West,10043.77,10063.53,-19.76,Change in Foreshore,4814.05,4814.05,0,,0,0,0,,4814.05,4814.05,0,
E14001045,Witham,38535.05,38535.05,0,,37217.5,37217.5,0,,231,231.34,-0.34,,36986.16,36986.16,0,
E14001046,Witney,71442.2,71442.2,0,,71442.2,71442.2,0,,0,0,0,,71442.2,71442.2,0,
E14001047,Woking,9899.39,9899.39,0,,9899.39,9899.39,0,,0,0,0,,9899.39,9899.39,0,
E14001048,Wokingham,15610.22,15610.77,-0.55,,15610.22,15610.77,-0.55,,0,0,0,,15610.22,15610.77,-0.55,
E14001049,Wolverhampton North East,2475.91,2475.91,0,,2475.91,2475.91,0,,0,0,0,,2475.91,2475.91,0,
E14001050,Wolverhampton South East,2475.59,2475.59,0,,2475.59,2475.59,0,,0,0,0,,2475.59,2475.59,0,
E14001051,Wolverhampton South West,2314.07,2314.07,0,,2314.07,2314.07,0,,0,0,0,,2314.07,2314.07,0,
E14001052,Worcester,3327.81,3327.81,0,,3327.81,3327.81,0,,0,0,0,,3327.81,3327.81,0,
E14001053,Workington,73724.54,73847.66,-123.12,Change in Foreshore,67621.57,67621.82,-0.25,,261,261.95,-0.95,,67359.62,67359.87,-0.25,
E14001054,Worsley and Eccles South,5965.76,5965.76,0,,5965.76,5965.76,0,,0,0,0,,5965.76,5965.76,0,
E14001055,Worthing West,3194.61,3194.61,0,,3045.56,3045.56,0,,0,0,0,,3045.56,3045.56,0,
E14001056,Wycombe,13994.26,13992.27,1.99,,13994.26,13992.27,1.99,,0,0,0,,13994.26,13992.27,1.99,
E14001057,Wyre and Preston North,26945.71,26946.65,-0.94,,26622.19,26622.14,0.05,,0,0,0,,26622.19,26622.14,0.05,
E14001058,Wyre Forest,19540.37,19540.37,0,,19540.37,19540.37,0,,0,0,0,,19540.37,19540.37,0,
E14001059,Wythenshawe and Sale East,3654.47,3654.47,0,,3654.47,3654.47,0,,0,0,0,,3654.47,3654.47,0,
E14001060,Yeovil,40100.78,40102.06,-1.28,,40100.78,40102.06,-1.28,,0,0,0,,40100.78,40102.06,-1.28,
E14001061,York Central,2348.35,2348.07,0.28,,2348.35,2348.07,0.28,,0,0,0,,2348.35,2348.07,0.28,
E14001062,York Outer,24853.13,24852.87,0.26,,24845.35,24845.08,0.27,,0,0,0,,24845.35,24845.08,0.27,
N06000001,Belfast East,5531.07,5531.07,0,,5531.07,5531.07,0,,0,0,0,,5531.07,5531.07,0,
N06000002,Belfast North,5033.66,5033.66,0,,5033.66,5033.66,0,,0,0,0,,5033.66,5033.66,0,
N06000003,Belfast South,4484.57,4484.57,0,,4484.57,4484.57,0,,0,0,0,,4484.57,4484.57,0,
N06000004,Belfast West,4516.8,4516.8,0,,4516.8,4516.8,0,,0,0,0,,4516.8,4516.8,0,
N06000005,East Antrim,59324.77,59324.77,0,,59324.77,59324.77,0,,0,0,0,,59324.77,59324.77,0,
N06000006,East Londonderry,127712.49,127712.49,0,,127712.49,127712.49,0,,0,0,0,,127712.49,127712.49,0,
N06000007,Fermanagh and South Tyrone,251171.02,251171.02,0,,251171.02,251171.02,0,,14792,14792.81,-0.81,,236378.21,236378.21,0,
N06000008,Foyle,18400.2,18400.2,0,,18400.2,18400.2,0,,0,0,0,,18400.2,18400.2,0,
N06000009,Lagan Valley,46809.64,46809.64,0,,46809.64,46809.64,0,,46,46.83,-0.83,,46762.81,46762.81,0,
N06000010,Mid Ulster,135036.55,135036.55,0,,135036.55,135036.55,0,,12786,12786.4,-0.4,,122250.15,122250.15,0,
N06000011,Newry and Armagh,108277.89,108277.89,0,,108277.89,108277.89,0,,0,0,0,,108277.89,108277.89,0,
N06000012,North Antrim,138731.36,138731.36,0,,138731.36,138731.36,0,,192,192.12,-0.12,,138539.24,138539.24,0,
N06000013,North Down,11544.4,11544.4,0,,11544.4,11544.4,0,,0,0,0,,11544.4,11544.4,0,
N06000014,South Antrim,78555.56,78555.56,0,,78555.56,78555.56,0,,15998,15998.11,-0.11,,62557.45,62557.45,0,
N06000015,South Down,125036,125036,0,,125036,125036,0,,0,0,0,,125036,125036,0,
N06000016,Strangford,65524.83,65524.83,0,,65524.83,65524.83,0,,0,0,0,,65524.83,65524.83,0,
N06000017,Upper Bann,48012.66,48012.66,0,,48012.66,48012.66,0,,9849,9849.59,-0.59,,38163.07,38163.07,-7.27596E-12,
N06000018,West Tyrone,199621.49,199621.49,0,,199621.49,199621.49,0,,0,0,0,,199621.49,199621.49,0,
S14000001,Aberdeen North,5690.55,5690.55,0,,4740.64,4738.03,2.61,,0,0,0,,4740.64,4738.03,2.61,
S14000002,Aberdeen South,9248.56,9246.74,1.82,,8230.87,8229.06,1.81,,0,0,0,,8230.87,8229.06,1.81,
S14000003,Airdrie and Shotts,22943.83,22943.83,0,,22943.83,22943.83,0,,134,134.05,-0.05,,22809.78,22809.78,-3.63798E-12,
S14000004,Angus,198753.73,198753.73,0,,197341.13,197341.13,0,,353,353.08,-0.08,,196988.05,196988.05,-2.91038E-11,
S14000005,Argyll and Bute,716508.08,716606.21,-98.13,Change in Foreshore,700597.08,700585.41,11.67,,9903,9903.11,-0.11,,690693.97,690682.3,11.67,
S14000006,"Ayr, Carrick and Cumnock",163598.08,163598.08,0,,162871.72,162871.72,0,,1035,1035.53,-0.53,,161836.19,161836.19,0,
S14000007,Banff and Buchan,160022.35,160019.63,2.72,,158987.71,158987.69,0.02,,203,203.26,-0.26,,158784.45,158784.43,0.02,
S14000008,"Berwickshire, Roxburgh and Selkirk",384264.2,384262.25,1.95,,383911.54,383909.93,1.61,,500,500.43,-0.43,,383411.11,383409.5,1.61,
S14000009,"Caithness, Sutherland and Easter Ross",875238.64,875223.78,14.86,Change in Foreshore,862615.05,862614.47,0.58,,12441,12441.38,-0.38,,850173.67,850173.09,0.58,
S14000010,Central Ayrshire,23739.13,23739.13,0,,23252.22,23252.22,0,,0,0,0,,23252.22,23252.22,0,
S14000011,"Coatbridge, Chryston and Bellshill",8343.79,8343.79,0,,8343.79,8343.79,0,,0,0,0,,8343.79,8343.79,0,
S14000012,"Cumbernauld, Kilsyth and Kirkintilloch East",19055.44,19055.44,0,,19055.44,19055.44,0,,96,96.64,-0.64,,18958.8,18958.8,0,
S14000013,Dumfries and Galloway,415034.04,415071.54,-37.5,Change in Foreshore,399499.6,399499.6,0,,1073,1073.25,-0.25,,398426.35,398426.35,0,
S14000014,"Dumfriesshire, Clydesdale and Tweeddale",437521.53,437520.21,1.32,,429223.08,429223.3,-0.22,,439,439.89,-0.89,,428783.19,428783.41,-0.22,
S14000015,Dundee East,15734.29,15734.29,0,,15286.79,15286.79,0,,0,0,0,,15286.79,15286.79,0,
S14000016,Dundee West,11997.83,11997.83,0,,11850.45,11850.45,0,,0,0,0,,11850.45,11850.45,0,
S14000017,Dunfermline and West Fife,24002.76,24002.76,0,,22865.82,22865.82,0,,0,0,0,,22865.82,22865.82,0,
S14000018,East Dunbartonshire,8521.36,8521.36,0,,8521.36,8521.36,0,,0,0,0,,8521.36,8521.36,0,
S14000019,"East Kilbride, Strathaven and Lesmahagow",40838.68,40837.72,0.96,,40838.68,40837.72,0.96,,0,0,0,,40838.68,40837.72,0.96,
S14000020,East Lothian,70094.44,69948.1,146.34,Change in Foreshore,67924.09,67924.09,0,,0,0,0,,67924.09,67924.09,0,
S14000021,East Renfrewshire,17424.95,17424.95,0,,17424.95,17424.95,0,,0,0,0,,17424.95,17424.95,0,
S14000022,Edinburgh East,2662.03,2662.03,0,,2582.23,2582.23,0,,0,0,0,,2582.23,2582.23,0,
S14000023,Edinburgh North and Leith,2108.84,2108.84,0,,2009.7,2009.7,0,,0,0,0,,2009.7,2009.7,0,
S14000024,Edinburgh South,2864.94,2864.94,0,,2864.94,2864.94,0,,0,0,0,,2864.94,2864.94,0,
S14000025,Edinburgh South West,9036.09,9036.09,0,,9036.09,9036.09,0,,0,0,0,,9036.09,9036.09,0,
S14000026,Edinburgh West,10616.4,10616.4,0,,9846.1,9846.1,0,,0,0,0,,9846.1,9846.1,0,
S14000027,Na h-Eileanan an Iar,326839.97,327020.74,-180.77,Change in Foreshore,309688.02,309661.47,26.55,Change in Foreshore,4107,4107.83,-0.83,,305580.19,305553.64,26.55,Change in Foreshore
S14000028,Falkirk,18106.24,18106.24,0,,17450.46,17450.46,0,,0,0,0,,17450.46,17450.46,0,
S14000029,Glasgow Central,2107.86,2107.86,0,,2030.81,2030.81,0,,0,0,0,,2030.81,2030.81,0,
S14000030,Glasgow East,3872.05,3872.05,0,,3868.28,3868.28,0,,0,0,0,,3868.28,3868.28,0,
S14000031,Glasgow North,1685.78,1685.78,0,,1685.33,1685.33,0,,0,0,0,,1685.33,1685.33,0,
S14000032,Glasgow North East,2774.12,2774.12,0,,2774.12,2774.12,0,,0,0,0,,2774.12,2774.12,0,
S14000033,Glasgow North West,1856.06,1856.06,0,,1805.91,1805.91,0,,0,0,0,,1805.91,1805.91,0,
S14000034,Glasgow South,2672.39,2672.39,0,,2672.39,2672.39,0,,0,0,0,,2672.39,2672.39,0,
S14000035,Glasgow South West,2673.75,2673.75,0,,2631.7,2631.7,0,,0,0,0,,2631.7,2631.7,0,
S14000036,Glenrothes,17779.18,17779.18,0,,17707.6,17707.6,0,,0,0,0,,17707.6,17707.6,0,
S14000037,Gordon,152278.2,152279.01,-0.81,,151693.65,151693.65,0,,0,0,0,,151693.65,151693.65,0,
S14000038,Inverclyde,17362.47,17362.47,0,,16194.89,16194.89,0,,151,151.02,-0.02,,16043.87,16043.87,1.81899E-12,
S14000039,"Inverness, Nairn, Badenoch and Strathspey",495335.35,495335.35,0,,492804.25,492804.25,0,,10357,10357.38,-0.38,,482446.87,482446.87,0,
S14000040,Kilmarnock and Loudoun,70180.76,70180.76,0,,70180.76,70180.76,0,,0,0,0,,70180.76,70180.76,0,
S14000041,Kirkcaldy and Cowdenbeath,15380.59,15379.53,1.06,,14848.41,14848.41,0,,0,0,0,,14848.41,14848.41,0,
S14000042,Lanark and Hamilton East,36352.46,36353.42,-0.96,,36352.46,36353.42,-0.96,,0,0,0,,36352.46,36353.42,-0.96,
S14000043,Linlithgow and East Falkirk,29398.54,29398.54,0,,27993.62,27993.62,0,,0,0,0,,27993.62,27993.62,0,
S14000044,Livingston,27145.97,27145.97,0,,27145.97,27145.97,0,,103,103.02,-0.02,,27042.95,27042.95,0,
S14000045,Midlothian,35527.16,35527.16,0,,35527.16,35527.16,0,,158,158.97,-0.97,,35368.19,35368.19,0,
S14000046,Moray,225763.07,225763.07,0,,223755.42,223755.42,0,,0,0,0,,223755.42,223755.42,0,
S14000047,Motherwell and Wishaw,5808.97,5808.97,0,,5808.97,5808.97,0,,0,0,0,,5808.97,5808.97,0,
S14000048,North Ayrshire and Arran,83366.82,83369.06,-2.24,,81694.92,81694.92,0,,0,0,0,,81694.92,81694.92,0,
S14000049,North East Fife,80050.52,80080.32,-29.8,Change in Foreshore,77096.15,77096.15,0,,0,0,0,,77096.15,77096.15,0,
S14000050,Ochil and South Perthshire,172127.19,172123.84,3.35,,171225.08,171225.08,0,,2298,2298.48,-0.48,,168926.6,168926.6,2.91038E-11,
S14000051,Orkney and Shetland,274377.56,274386.11,-8.55,,248358.34,248355.06,3.28,,2558,2558.37,-0.37,,245799.97,245796.69,3.28,
S14000052,Paisley and Renfrewshire North,13117.66,13117.66,0,,12342.47,12342.47,0,,0,0,0,,12342.47,12342.47,0,
S14000053,Paisley and Renfrewshire South,13806.3,13806.3,0,,13806.3,13806.3,0,,0,0,0,,13806.3,13806.3,0,
S14000054,Perth and North Perthshire,386401.39,386404.73,-3.34,,383071.56,383071.56,0,,7518,7518.15,-0.15,,375553.41,375553.41,0,
S14000055,"Ross, Skye and Lochaber",1276819.35,1276839.95,-20.6,Change in Foreshore,1260463.3,1260455.75,7.55,,27766,27766.49,-0.49,,1232696.81,1232689.26,7.55,
S14000056,Rutherglen and Hamilton West,5151.24,5151.24,0,,5138.72,5138.72,0,,0,0,0,,5138.72,5138.72,0,
S14000057,Stirling,225481.26,225481.26,0,,225253.34,225253.34,0,,6637,6637.6,-0.6,,218615.74,218615.74,0,
S14000058,West Aberdeenshire and Kincardine,327186.85,327188.67,-1.82,,326707.5,326709.32,-1.82,,334,334.57,-0.57,,326372.93,326374.75,-1.82,
S14000059,West Dunbartonshire,18278.3,18278.3,0,,17732.03,17732.03,0,,1855,1855.47,-0.47,,15876.56,15876.56,0,
W07000041,Ynys Môn,74789.54,74781.17,8.37,,71521.26,71521.26,0,,314,314.74,-0.74,,71206.52,71206.52,1.45519E-11,
W07000042,Delyn,33264.35,33264.35,0,,28461.3,28461.3,0,,0,0,0,,28461.3,28461.3,0,
W07000043,Alyn and Deeside,15685.74,15685.74,0,,15521.73,15521.73,0,,0,0,0,,15521.73,15521.73,0,
W07000044,Wrexham,10316.62,10316.62,0,,10316.62,10316.62,0,,0,0,0,,10316.62,10316.62,0,
W07000045,Llanelli,27667.6,27667.6,0,,23497.21,23497.21,0,,0,0,0,,23497.21,23497.21,0,
W07000046,Gower,33320.27,33320.27,0,,29614.48,29614.48,0,,0,0,0,,29614.48,29614.48,0,
W07000047,Swansea West,3691.45,3691.45,0,,3272.43,3272.43,0,,0,0,0,,3272.43,3272.43,0,
W07000048,Swansea East,4998.82,4994.95,3.87,,4874.57,4874.57,0,,0,0,0,,4874.57,4874.57,0,
W07000049,Aberavon,18655.76,18652.98,2.78,,17730.58,17730.58,0,,102,102.8,-0.8,,17627.78,17627.78,-3.63798E-12,
W07000050,Cardiff Central,1683.94,1683.94,0,,1681.23,1681.23,0,,0,0,0,,1681.23,1681.23,0,
W07000051,Cardiff North,4265.72,4265.72,0,,4265.72,4265.72,0,,0,0,0,,4265.72,4265.72,0,
W07000052,Rhondda,9990.06,9990.06,0,,9990.06,9990.06,0,,0,0,0,,9990.06,9990.06,0,
W07000053,Torfaen,11760.39,11760.39,0,,11760.39,11760.39,0,,54,54.14,-0.14,,11706.25,11706.25,0,
W07000054,Monmouth,83865.23,83869.62,-4.39,,83052.16,83052.16,0,,118,118.37,-0.37,,82933.79,82933.79,-1.45519E-11,
W07000055,Newport East,16690.48,16690.48,0,,12241.23,12241.23,0,,0,0,0,,12241.23,12241.23,0,
W07000056,Newport West,10659.69,10659.69,0,,9645.98,9645.98,0,,0,0,0,,9645.98,9645.98,0,
W07000057,Arfon,43698.54,43569.28,129.26,Change in Foreshore,40948.45,40948.45,0,,103,103.06,-0.06,,40845.39,40845.39,0,
W07000058,Aberconwy,62066.91,61851.38,215.53,Change in Foreshore,60411.12,60411.12,0,,107,107.48,-0.48,,60303.64,60303.64,0,
W07000059,Clwyd West,93082.9,93082.91,-0.01,,92619.9,92619.9,0,,508,508.04,-0.04,,92111.86,92111.86,0,
W07000060,Vale of Clwyd,22404.59,22395.47,9.12,,21638.2,21638.19,0.01,,0,0,0,,21638.2,21638.19,0.01,
W07000061,Dwyfor Meirionnydd,218410.35,218398.82,11.53,,213880.86,213880.86,0,,1211,1211.93,-0.93,,212668.93,212668.93,0,
W07000062,Clwyd South,62281.03,62281.03,0,,62281.03,62281.03,0,,0,0,0,,62281.03,62281.03,0,
W07000063,Montgomeryshire,218150.15,218150.15,0,,218135.62,218135.62,0,,691,691.43,-0.43,,217444.19,217444.19,0,
W07000064,Ceredigion,180669.83,180669.83,0,,178837.93,178837.93,0,,339,339.87,-0.87,,178498.06,178498.06,0,
W07000065,Preseli Pembrokeshire,119390.62,119391.03,-0.41,,118025.51,118025.51,0,,0,0,0,,118025.51,118025.51,0,
W07000066,Carmarthen West and South Pembrokeshire,105895.65,105895.65,0,,101845.67,101845.67,0,,0,0,0,,101845.67,101845.67,0,
W07000067,Carmarthen East and Dinefwr,156122.62,156122.62,0,,155576.45,155576.45,0,,82,82.81,-0.81,,155493.64,155493.64,0,
W07000068,Brecon and Radnorshire,301483.13,301483.13,0,,301483.13,301483.13,0,,790,790.11,-0.11,,300693.02,300693.02,0,
W07000069,Neath,26531.77,26531.77,0,,26496.69,26496.69,0,,0,0,0,,26496.69,26496.69,0,
W07000070,Cynon Valley,18236.38,18236.38,0,,18236.38,18236.38,0,,0,0,0,,18236.38,18236.38,0,
W07000071,Merthyr Tydfil and Rhymney,16191.96,16191.96,0,,16191.96,16191.96,0,,33,33.56,-0.56,,16158.4,16158.4,0,
W07000072,Blaenau Gwent,10872.81,10872.81,0,,10872.81,10872.81,0,,0,0,0,,10872.81,10872.81,0,
W07000073,Bridgend,8906.75,8906.75,0,,8473.19,8473.19,0,,0,0,0,,8473.19,8473.19,0,
W07000074,Ogmore,20290.76,20290.76,0,,20290.76,20290.76,0,,0,0,0,,20290.76,20290.76,0,
W07000075,Pontypridd,10503.2,10503.2,0,,10503.2,10503.2,0,,0,0,0,,10503.2,10503.2,0,
W07000076,Caerphilly,11455.59,11455.59,0,,11455.59,11455.59,0,,0,0,0,,11455.59,11455.59,0,
W07000077,Islwyn,11199.27,11199.27,0,,11199.27,11199.27,0,,0,0,0,,11199.27,11199.27,0,
W07000078,Vale of Glamorgan,32187.61,32187.61,0,,31520.69,31520.69,0,,0,0,0,,31520.69,31520.69,0,
W07000079,Cardiff West,5098.02,5098.02,0,,5098.02,5098.02,0,,0,0,0,,5098.02,5098.02,0,
W07000080,Cardiff South and Penarth,5689.61,5689.61,0,,4790.82,4790.82,0,,150,150.19,-0.19,,4640.63,4640.63,0,
